insert into category (id, name)
values  ('9Qpehd6JAH', 'Son môi'),
        ('ncE3FRIUQk', 'Nước Hoa'),
        ('RBgtBciusR', 'Mặt nạ'),
        ('v6J2HUIr15', 'Chăm sóc tóc');

insert into product (id, created_date, description, name, price, quantity, category_id)
values  ('afcmXiVUWT', '2023-03-04 17:06:42', 'Bộ gội xả có hương thơm đặc trưng của gừng kết hợp với hương Vanilla ấm áp mang đến cảm giác thư giãn sau khi gội. Bên trong dầu gội gừng ngăn rụng tóc Weilaiya là những tép gừng tươi vàng sóng sánh

Các thành phần có trong dầu gội gừng Weilaiya

Chiết xuất gừng tươi Vân Nam: Ngăn rụng tóc gấp 3 lần gừng thông thường
Hyaluronic Acid: Hấp thụ nước gấp 1000 lần, giữ nước và dưỡng ẩm cho da
Tocopherol: Chính là Vitamin E, có khả năng chống oxy hóa mạnh, làm chậm quá trình lão hóa của da đầu', 'Bộ Dầu Gội Xả Chiết Xuất Gừng Weilaiya Ginger Shampoo & Conditioner (tặng set mini Weilaiya)', 324000, 10, 'v6J2HUIr15'),
        ('Al2fwjVbcv', '2023-03-04 16:55:33', 'Kem Ủ Tóc Boya Q10 là sản phẩm thuộc thương hiệu BOYA từ công ty Karmart Thái Lan. Tất cả công nghệ và thành phần trong sản phẩm đều được chuyển giao từ Hàn Quốc. Các tiêu chuẩn an toàn quốc tế như GMP hay FDA đều được ứng dụng.

Nhắc tới Karmart thì không người dân Thái nào không biết và họ rất ưa chuộng các sản phẩm chăm sóc da, chăm sóc toàn thân và trang điểm của hàng vì tính đa dạng, an toàn và thân thiện với làn da.', 'Kem Ủ Tóc BOYA Hair Treatment Q10 500gr', 75000, 10, 'v6J2HUIr15'),
        ('B9dpNp9HN5', '2023-03-02 16:19:19', 'Nước Hoa chính hãng chất lượng cao', 'Nước Hoa Hương Downy', 500000, 75, 'ncE3FRIUQk'),
        ('CdBlInu3d4', '2023-03-04 16:57:55', 'Thời tiết nóng bức của mùa hè ảnh hưởng trực tiếp đến sức khỏe mái tóc

Hơn nữa, cột tóc, búi tóc quá nhiều để tìm cảm giác mát mẻ trong mùa nóng cũng chính là nguyên nhân khiến mái tóc kém bồng bềnh.

Kem ủ tóc cao cấp Wellmate với thành phần protein, keratin và tinh dầu argan chính là giải pháp chăm sóc mái tóc chắc khỏe và mượt mà.

', 'Kem Ủ Tóc Cao Cấp Wellmate', 450000, 10, 'v6J2HUIr15'),
        ('dsfsdffd', '2023-03-02 22:04:01', ' Thương hiệu mỹ phẩm NARUKO đến từ Đài Loan nổi tiếng với các dòng sản phẩm mặt nạ giấy dưỡng da được chiết xuất từ các thành phần thiên nhiên như Tràm Trà, Bạch Ngọc Lan, Ý Dĩ Nhân Đỏ, Hoa Hồng, Hoa Thủy Tiên... giúp dưỡng da chuyên sâu và hỗ trợ cải thiện các vấn đề về da khác nhau.

       Mặt Nạ NARUKO hiện đã có mặt tại Hasaki với các phân loại như sau cho bạn lựa chọn:

       Naruko Raw Job’s Tears Brightening Mask – Ý dĩ nhân đỏ sáng da mới – Mặt nạ se khít lỗ chân lông, sáng da

       Naruko RJT Pore Minimizing and Brightening Mask – Ý dĩ nhân đỏ – Mặt nạ se khít lỗ chân lông

       Naruko Narcissus Repairing Mask – Hoa thủy tiên – Mặt nạ tế bào gốc thực vật DNA phục hồi da

       Naruko Rose and BOTANIC HA Aqua Cubic Hydrating Mask EX – Hoa hồng nhung – Mặt nạ cấp nước

       Naruko Tea Tree Shine Control and Blemish Clear Mask – Trà tràm – Mặt nạ trà tràm kiểm soát dầu và mụn

       Naruko Taiwan Magnolia Brightening and Firming Mask EX – Bạch ngọc lan – Mặt nạ dưỡng sáng và săn chắc da', 'Hộp 8 Miếng Mặt Nạ Naruko Tràm Trà Kiềm Dầu Giảm Mụn 26ml/M
Tea Tree Shine Control and Blemish Clear Mask', 260000, 45, 'RBgtBciusR'),
        ('eirVpG6qz8', '2023-03-02 21:04:29', 'Mặt Nạ Dưỡng Săn Chắc Da BNBG Vita Genic Jelly Mask 30ml

"Mặt nạ được xem như vị cứu tinh đối với làn da bạn". BNBG Vita Genic Jelly Mask chứa dưỡng chất Vitamin dạng gel đậm đặc, hàm lượng lên đến 20.000ppm được chiết xuất từ các trái cây tươi ở hòn đảo Jeju xinh đẹp. Mang đến làn da khỏe mạnh, bóng mượt đầy sức sống, phục hồi độ đàn hồi, ngăn ngừa quá trình lão hóa đồng thời cung cấp đủ ẩm cho da luôn mềm, mịn màng. Khi sử dụng BNBG Vita Genic Jelly Mask, bạn sẽ được trải nghiệm cảm giác thư giãn và sảng khoái.

BNBG được biết đến là một bệnh viện thẩm mỹ nổi tiếng với đội ngũ bác sĩ có tay nghề hàng đầu tại Hàn Quốc. Là bệnh viện ứng dụng các công nghệ hiện đại tại Châu Á để nghiên cứu ra các loại mỹ phẩm chăm sóc da cũng như các phương pháp phẫu thuật mới để mang lại vẻ đẹp hoàn thiện cho phụ nữ. Chương trình làm đẹp uy tín tại Hàn Quốc "Get It Beauty" đã đẩy cơn sốt mặt nạ jelly này lên đỉnh điểm khi có một chị da đẹp thật đẹp, căng mọng đã cho biết sử dụng mặt nạ này.', 'Mặt nạ dưỡng da NARUKO', 700000, 75, 'RBgtBciusR'),
        ('FUBsefe43', '2023-03-11 23:56:18', 'Có trụ sở tại các Tiểu vương quốc Ả Rập thống nhất, bậc thầy mùi hương Armaf hiện nắm giữ hàng tá mùi hương khác nhau vô cùng nổi tiếng ở thị trường châu Âu và nhận được sự ưa chuộng của cả nam giới lẫn nữ giới. Giữ trong mình hương thơm đáng yêu, tinh tế tác hợp cùng hương trái cây gợi lên một mùa xuân ấm áp, dịu nhẹ và mát mẻ.

Được ra mắt vào năm 2015, Armaf Club De nuit Women là một kỳ công vang dội khi mang tới những mùi hương khẳng định đẳng cấp của sự xa xỉ, sang trọng đến với giới thượng lưu cũng như những người yêu thích nước hoa trên toàn thế giới.', 'Nước Hoa Armaf Club De Nuit Women EDP 105ml', 1300000, 12, 'ncE3FRIUQk'),
        ('NhDvPJvkRC', '2023-03-13 15:18:29', 'Mặt Nạ Tóc Cao Cấp Phục Hồi Hư Tổn TSUBAKI Premium Repair Mask đến từ thương hiệu chăm sóc tóc nổi tiếng TSUBAKI Nhật Bản mang đến trải nghiệm dưỡng tóc chuẩn Salon mà không mất thời gian chờ đợi, mái tóc suôn mượt và mềm mại với các thành phần giàu dưỡng chất và công thức phục hồi tiên tiến vượt bậc.

Hiện sản phẩm TSUBAKI Premium Repair Mask 180g đã có mặt tại Hasaki.', 'Mặt Nạ Tóc Tsubaki Cao Cấp Phục Hồi Hư Tổn 180g
Premium Repair Mask', 269000, 200, 'v6J2HUIr15'),
        ('ObKzjdfXhZ', '2023-03-02 16:22:45', 'Nước Hoa xịn ', 'Nước Hoa Trường NN', 700000, 75, 'ncE3FRIUQk'),
        ('sdfsdfsdf', '2023-03-02 22:04:01', 'Vớ vẩn 1', 'Vớ 1', 20000, 10, null),
        ('zoiuv8krdt', '2023-03-13 15:33:21', 'Son Dưỡng Môi Mediheal 10ml là sản phẩm son dưỡng môi đến từ thương hiệu mỹ phẩm Mediheal của Hàn Quốc, chứa thành phần Dexpanthenol (tiền chất Vitamin B5), Vitamin B5, tinh chất cây tầm xuân, Ceramide cải thiện tình trạng khô ráp của môi giúp cho đôi môi trở nên mềm mại, cải thiện sắc tố môi, hạn chế các tế bào melanin làm môi trở nên thâm sạm môi, giúp môi sáng màu hơn.', 'Son Dưỡng Mediheal Hỗ Trợ Giảm Thâm Môi Ban Ngày 10ml
Labocare Pantenolips Healssence', 143000, 300, '9Qpehd6JAH');

insert into product_image (id, imageurl, product_id)
values  (34, 'localhost:8080/images/well_mate.png', 'CdBlInu3d4'),
        (35, 'localhost:8080/images/well_mate2.png', 'CdBlInu3d4'),
        (36, 'localhost:8080/images/acda8979-0945-4cc4-864c-809553d71173.png', 'NhDvPJvkRC'),
        (37, 'localhost:8080/images/35807fd8-b015-4d94-bcd9-4eb336f3fc6e.png', 'zoiuv8krdt'),
        (38, 'localhost:8080/images/6e4f670d-9ef3-42d6-b95b-ded204e6a2e5.png', 'zoiuv8krdt');

insert into discount (code, created_date, description, discount_percent, end_date, start_date)
values  ('2VHhXj3WY0', '2023-03-02 22:44:20', 'Giảm giá', 10, '2023-03-05 05:04:01', '2023-03-01 22:04:01'),
        ('KQBoLBEt3M', '2023-03-10 10:05:58', 'Giảm giá', 40, '2023-03-12 22:04:01', '2023-03-09 22:04:01'),
        ('new1', '2023-03-02 16:46:25', 'Gỉam giá cho nước hoa', 20, '2023-03-05 04:46:57', '2023-03-02 16:47:07'),
        ('test2', '2023-03-02 23:34:00', 'Ko query', 34, '2023-03-01 23:34:18', '2023-03-01 20:34:31'),
        ('xGXPQmveEn', '2023-03-05 09:08:42', 'Giảm giá', 20, '2023-03-11 22:04:01', '2023-03-01 22:04:01'),
        ('Z3Ec5duEe9', '2023-03-13 15:22:01', 'Giảm giá cho 1 vài sản phẩm mặt nạ', 30, '2023-03-17 00:00:00', '2023-03-12 00:00:00');

insert into discount_product (id, discount_price, discount_id, product_id)
values  (1, 40000, 'new1', 'B9dpNp9HN5'),
        (2, 234000, '2VHhXj3WY0', 'dsfsdffd'),
        (3, 18000, '2VHhXj3WY0', 'sdfsdfsdf'),
        (6, 360000, 'xGXPQmveEn', null),
        (7, 156000, 'KQBoLBEt3M', 'dsfsdffd'),
        (8, 12000, 'KQBoLBEt3M', 'sdfsdfsdf'),
        (9, 910000, 'Z3Ec5duEe9', 'FUBsefe43'),
        (10, 188300, 'Z3Ec5duEe9', 'NhDvPJvkRC');


insert into role (id, name)
values  (1, 'USER'),
        (2, 'STAFF'),
        (3, 'ADMIN');

insert into user (id, first_name, last_name, password, username, created_date, phone_number)
values  ('bw70cL4bzo', 'Nam', 'Khanh', '$2a$10$QeBGg2bWOft6cYRz8BoLfeLXl/JI0G5VbtDWBfz37BMPppn90j/6y', 'khanh23', '2023-03-10 10:03:30', '0982233456'),
        ('HqtErUIkhb', 'Nam', 'Anh', '$2a$10$I1BYVXc0pKf2cfhRut0jpuPg8PrTIUDqaIans67/SCv86LJfqECGa', 'bimbim234', '2023-03-13 08:12:33', null),
        ('S8qZgnGJUW', 'Nam', 'Truong', '$2a$10$mtMjPASHPozA8rzS5JX/EuxkeGXsCiDssKcPZUn7DY5RGJNcFaiKi', 'truong', '2023-03-06 16:38:24', '0324456655'),
        ('xcsFASDs', 'Nam ', 'Truong', '$2a$10$mtMjPASHPozA8rzS5JX/EuxkeGXsCiDssKcPZUn7DY5RGJNcFaiKi', 'truongAdmin', '2023-03-11 21:48:02', '0987654321');



insert into user_role (user_id, role_id)
values  ('bw70cL4bzo', 1),
        ('HqtErUIkhb', 1),
        ('S8qZgnGJUW', 1),
        ('xcsFASDs', 2),
        ('xcsFASDs', 3);

insert into order (id, status, total_money, user_id, created_date)
values  ('pMisRqf2jC', 'PENDING', 340000, 'S8qZgnGJUW', '2023-03-11 19:31:16'),
        ('qpL0TK6eCe', 'PENDING', 828000, 'bw70cL4bzo', '2023-03-11 19:31:20'),
        ('UhHeUtNxvn', 'PENDING', 1513500, 'bw70cL4bzo', '2023-03-13 15:37:52'),
        ('x7Ml8AWbNc', 'PENDING', 2780000, 'S8qZgnGJUW', '2023-03-03 19:31:22');

insert into order_detail (id, quantity, order_id, product_id, discount_product_id)
values  (10, 4, 'x7Ml8AWbNc', 'Al2fwjVbcv', null),
        (11, 1, 'x7Ml8AWbNc', 'dsfsdffd', null),
        (13, 4, 'pMisRqf2jC', 'sdfsdfsdf', null),
        (14, 1, 'pMisRqf2jC', 'dsfsdffd', null),
        (15, 4, 'qpL0TK6eCe', 'sdfsdfsdf', 8),
        (17, 4, 'UhHeUtNxvn', 'zoiuv8krdt', null),
        (18, 5, 'UhHeUtNxvn', 'NhDvPJvkRC', 10);